name,post_id
python,128
python,151
python,162
python,161
python,163
python,165
python,168
python,170
python,178
python,180
python,190
python,196
programacion,196
navidad,210
estadistica,210
republica,1
republica,2
republica,3
republica,4
republica,5
republica,6
republica,7
religion-y-filosofia,8
republica,9
republica,10
audio,11
cpp,11
flac,11
linux,11
portaudio,11
programacion,11
faqs,213
tutorial,11
vorbis,11
republica,12
republica,13
republica,14
republica,15
republica,16
republica,17
republica,18
republica,19
republica,20
republica,21
cpp,22
javascript,22
perl,22
php,22
programacion,22
python,22
rust,22
republica,23
republica,24
cegui,25
linux,25
ogre,25
paqueteria,25
programacion,25
programacion-de-videojuegos,25
ubuntu,25
bitbucket,26
cpp,26
lumtumo,26
mit,26
ogre,26
opensource,26
programacion,26
programacion-de-videojuegos,26
videojuego,26
bug,27
cataluna,27
complot,27
extensiones,27
firefox,27
mozilla,27
politica,27
republica,27
illumos,28
kvm,28
programacion,28
smartos,28
solaris,28
gamedev,29
grunt,29
javascript,29
nodejs,29
npm,29
programacion,29
programacion-de-videojuegos,29
haiku,30
programacion,30
sistemas-operativos,30
2014,31
2015,31
futuro,31
objetivos,31
postmortem,31
recapitulacion,31
republica,31
valores,31
clay-io,32
fgl,32
gamedev,32
gamejs,32
html5,32
kongregate,32
marketplace,32
npm,32
postmortem,32
programacion,32
programacion-de-videojuegos,32
typescript,32
2015,33
beapi,33
freecell,33
gci,33
haiku,33
haikuports,33
haikutodo,33
libuv,33
openscenegraph,33
opensource,33
programacion,33
superfreecell,33
todo,33
haiku,34
pkgman,34
programacion,34
rolling-release,34
firefox,35
gecko,35
html5,35
javascript,35
nodejs,35
programacion,35
dbus,36
javascript,36
linux,36
programacion,36
ubuntu,36
gamedev,37
gulp,37
javascript,37
nodejs,37
programacion,37
programacion-de-videojuegos,37
secta-sectarium,37
tycoon,37
typescript,37
documentacion,38
investigacion,38
religion,38
religion-y-filosofia,38
secta,38
teologia,38
videojuegos,38
haiku,39
haikudepot,39
paquete,39
paqueteria,39
pkgman,39
programacion,39
tutorial,39
gcc,40
haiku,40
haikudepot,40
haikuporter,40
haikuports,40
paqueteria,40
c,193
prolog,222
programacion,222
web,222
swi,222
python,223
tutorial,223
programacion,223
web,225
programacion,40
analiticas,41
estadistica,41
javascript,41
nodejs,41
openshift,41
programacion,41
analiticas,42
estadistica,42
express,42
javascript,42
nodejs,42
programacion,42
aprobar,43
complot,43
imagen,43
juego,43
meme,43
republica,43
maquinavirtual,44
perin,44
programacion,44
rust,44
cplusplus,45
linux,45
memoria,45
programacion,45
rust,45
addon-sdk,46
calidad,46
deming,46
dmaic,46
extensiones,46
firefox,46
javascript,46
programacion,46
webextensions,46
escribir,47
libro,47
libros,47
literatura,47
novela,47
relato-corto,47
cpp,48
cmake,48
linux,48
programacion,48
tutorial,48
aplicaciones,49
haiku,49
programacion,49
review,49
curiosidades,50
easter-egg,50
linux,50
programacion,50
nexcono,51
republica,51
webs-viral,51
libro,52
libros,52
linux,52
programacion,52
resena,52
review,52
rust,52
android,53
espacio,53
moviles,53
programacion,53
root,53
tips,53
bash,54
javascript,54
linux,54
nodejs,54
perl,54
programacion,54
python,54
scripts,54
illumos,55
linux,55
openindiana,55
programacion,55
sistemas-operativos,55
solaris,55
dinero,56
html5,56
lista,56
marketing,56
programacion,56
programacion-de-videojuegos,56
sponsors,56
cpp,57
instalador,57
microsoft,57
programacion,57
tutorial,57
windows,57
wix,57
xml,57
bower,58
cookies,58
europa,58
javascript,58
npm,58
programacion,58
competicion,59
concurso,59
gamedev,59
gulp,59
html5,59
javascript,59
js13k,59
postmortem,59
programacion,59
programacion-de-videojuegos,59
bitcoin,60
fauce,60
gratis,60
lista,60
republica,60
bash,61
ffmpeg,61
gnu,61
linux,61
optipng,61
parallel,61
programacion,61
script,61
acortadores,62
dinero,62
enlaces,62
ganar,62
javascript,62
nodejs,62
programacion,62
programacion,63
redox,63
rust,63
sistemas-operativos,63
libro,64
libros,64
literatura,64
religion,64
religion-y-filosofia,64
secta,64
cpp,65
desdelinux,65
grub,65
kernel,65
linux,65
rust,214
programacion,65
qemu,65
retro,65
sistemas-operativos,65
colores,66
desdelinux,66
kernel,66
linux,66
next-divel,66
bosque,221
programacion,221
lenguaje,221
microsoft,221
semantica,225
programacion,225
rdf,225
linked data,225
xml,225
json-ld,225
programacion,228
tutorial,228
web semantica,228
web,228
panic,66
programacion,66
sistemas-operativos,66
vga,66
desdelinux,67
kernel,67
linux,67
next-divel,67
programacion,67
gdt,68
kernel,68
linux,68
next-divel,68
programacion,68
sistemas-operativos,68
x86,68
exception,69
kernel,69
linux,69
next-divel,69
programacion,69
sistemas-operativos,69
exception,70
interrupt,70
irq,70
isr,70
kernel,70
linux,70
next-divel,70
programacion,70
sistemas-operativos,70
desdelinux,71
kernel,71
linux,71
next-divel,71
programacion,71
sistemas-operativos,71
timer,71
x86,71
kernel,72
keymap,72
linux,72
next-divel,72
programacion,72
sistemas-operativos,72
teclado,72
x86,72
cpp,73
c,73
debug,73
depurar,73
gdb,73
linux,73
programacion,73
strace,73
valgrind,73
fisica,74
simpsons,74
video,74
dominacion,75
humor,75
mundial,75
nwo,75
republica,75
risa,75
santos-inocentes,75
calidad,76
kaizen,76
republica,76
social,76
3d,77
graficos,77
haiku,77
kovel,77
lanzamiento,77
linux,77
opengl,77
programacion,77
programacion-de-videojuegos,77
voxel,77
windows,77
2016,78
buenas-practicas,78
cpp,78
c,78
pautas,78
programacion,78
bitcoin,79
bolsa,79
codius,79
ethereum,79
programacion,79
smartcontracts,79
gamedev,80
html5,80
javascript,80
juegos,80
mapas,80
programacion,80
programacion-de-videojuegos,80
svg,80
bolsa,81
enebro,81
forex,81
javascript,81
nodejs,81
programacion,81
uphold,81
analisis,82
isla,82
puzzle,82
resena,82
review,82
rompecabezas,82
videojuegos,82
witness,82
ciencia,83
empirismo,83
filosofia,83
fisica,83
meditacion,83
pensamiento,83
religion-y-filosofia,83
chromecast,84
google,84
html5,84
javascript,84
nodejs,84
programacion,84
ciencia,85
einstein,85
fisica,85
fisicia,85
luz,85
maxwell,85
naturaleza,85
newton,85
bitcoin,86
bolsa,86
cuantico,86
dwave,86
pregunta,86
arcade,87
ascensor,87
gamedev,87
html5,87
ludumdare,87
videojuegos,87
aprender,88
ciencia,88
documental,88
fisica,88
universo,88
cultura,89
hyperlapse,89
republica,89
timelapse,89
turismo,89
valladolid,89
aplicacion,90
beos,90
cpp,90
haiku,90
programacion,90
ventana,90
blog,91
cms,91
go,91
html,91
hugo,91
jekyll,91
programacion,91
web,91
beos,92
programacion,217
web,217
web semantica,217
bmessage,92
bmessenger,92
cpp,92
filepanel,92
haiku,92
programacion,92
bolsa,93
contabilidad,93
dinero,93
gnucash,93
pyme,93
republica,93
software,93
tutorial,93
android,94
apk,94
google,94
google-play,94
javascript,94
nodejs,94
oauth2,94
programacion,94
script,94
api,95
credenciales,95
google,95
http,95
javascript,95
oauth2,95
programacion,95
token,95
acortador,96
acortar,96
api,96
enlaces,96
heroku,96
javascript,96
programacion,96
shortener,96
shortkingq,96
anuncios,97
beta,97
bitcoin,97
gnu-social,97
invitaciones,97
javascript,97
programacion,97
red-social,97
satoshi,97
tsu,97
tuctum,97
api,98
beos,98
cpp,98
gui,98
haiku,98
menu,98
menubar,98
programacion,98
tutorial,98
bitcoin,99
bolsa,99
classic,99
core,99
fork,99
historia,99
linux,99
novela,99
programacion,99
satoshi,99
unlimited,99
bitcoin,100
bolsa,100
criptodivisa,100
ethereum,100
hard-fork,100
programacion,100
smartcontracts,100
2d,101
canvas,101
html5,101
javascript,101
motor,101
phaser,101
programacion,101
programacion-de-videojuegos,101
tutorial,101
videojuego,101
webgl,101
chrome,102
edge,102
firefox,102
javascript,102
json,102
manifest,102
opera,102
programacion,102
tutorial,102
webextensions,102
xpcom,102
xul,102
bfx,103
bitcoin,103
bitfinex,103
bolsa,103
criptodivisa,103
exchange,103
juicio,103
mtgox,103
programacion,103
robo,103
chrome,104
firefox,104
javascript,104
opera,104
pestanas,104
popup,104
programacion,104
tabs,104
tutorial,104
webextensions,104
dirtycow,105
exploit,105
linux,105
rdf,217
programacion,105
root,105
seguridad,105
tutorial,105
vulnerabilidad,105
crate,106
express,106
http,106
programacion,106
rust,106
sparql,217
server,106
web,106
web-framework,106
afiliados,107
arduino,107
black-friday,107
comprar,107
electronica,107
libros,107
ofertas,107
raspberry-pi,107
republica,107
tiendas,107
viernes-de-complot,107
babylon,108
foro,108
gamedev,108
hispano,108
phaser,108
programacion,108
programacion-de-videojuegos,108
foro,109
game-jam,109
gamedev,109
gamedevhispano,109
programacion,109
programacion-de-videojuegos,109
uvas,109
videojuegos,109
aforismos,110
ffmpeg,110
javascript,110
mp4,110
node-js,110
rdf,228
sparql,228
solid,228
programacion,110
regex,110
srt,110
subtitulos,110
the-witness,110
video,110
videojuegos,110
agnostico,111
ateo,111
fundamentalismo,111
religion,111
religion-y-filosofia,111
richard-dawkins,111
jai,112
lenguaje,112
mozilla,112
programacion,112
rust,112
2016,113
2017,113
analisis,113
analytics,113
republica,113
trafico-web,113
webs,113
blow,114
cpp,114
c,114
c11,114
c14,114
c17,114
excepciones,114
go,114
jai,114
programacion,114
programacion-de-videojuegos,114
raii,114
rust,114
videojuegos,114
9front,115
clinton,115
codigo-de-conducta,115
guerra-fria,115
humor,115
kissinger,115
linux,115
orwell,115
plan9,115
programacion,115
sistemas-operativos,115
unix,115
2d,116
cargo,116
gamedev,116
gfx,116
glfw,116
glutin,116
libreria,116
linux,116
opengl,116
piston,116
programacion,116
programacion-de-videojuegos,116
rust,116
sdl,116
tutorial,116
videojuegos,116
windows,116
javascript,117
linux,117
markdown,117
neon,117
node-js,117
nodejs,117
npm,117
programacion,117
rust,117
crate,118
html,118
maud,118
plantilla,118
programacion,118
razor,118
rust,118
template,118
web,118
web-framework,118
borrar,119
cookies,119
firefox,119
historial,119
republica,119
web,119
anecdota,120
biografia,120
feynman,120
fisica,120
libro,120
libros,120
richard,120
bitcoin,121
circo,121
criptodivisa,121
crowdfunding,121
entrevista,121
ethereum,121
inversion,121
pelicula,121
republica,121
charla,122
conferencia,122
picnic-code,122
post-format-video,122
programacion,122
rust,122
uva,122
valladolid,122
video,122
http,123
linux,123
programacion,123
rocket,123
rust,123
tutorial,123
web,123
web-framework,123
cpp,124
c,124
c17,124
estandar,124
linux,124
novedades,124
programacion,124
std,124
tuplas,124
tutorial,124
cafe,125
concurso,125
gore,125
libros,125
literatura,125
oficina,125
polvo,125
relato,125
relato-corto,125
trabajo,125
beam,126
elixir,126
erlang,126
funcional,126
lenguaje,126
linux,126
phoenix,126
programacion,126
ruby,126
web,126
web-framework,126
cpp,127
computador,127
cpu,127
ensamblador,127
hardware,127
linux,127
mars,127
mips,127
programacion,127
icmp,128
ip,128
programacion,128
programacion,215
redes,128
tutorial,128
wireshark,128
cairo,129
descargar,129
gamedev,129
gtk,129
juego,129
linux,129
programacion,129
programacion-de-videojuegos,129
puzzle,129
python,129
videojuego,129
conferencia,130
lehazoconf,130
programacion,130
valladolid,130
voy-a-estar-en,130
fractal,131
html5,131
javascript,131
matematicas,131
numberphile,131
programacion,131
sierpinski,131
triangulo,131
tutorial,131
bytecode,132
emscripten,132
javascript,132
programacion,132
rust,132
tutorial,132
webassembly,132
base-de-datos,133
bbdd,133
cors,133
couchdb,133
erlang,133
http,133
javascript,133
json,133
map-reduce,133
nosql,133
programacion,133
rest,133
ssl,133
tutorial,133
chomsky,134
filosofia,134
libertad,134
node-js,134
orwell,134
politica,134
religion-y-filosofia,134
rust,134
zizek,134
libreoffice,135
ordenadores,135
republica,135
segunda-mano,135
seminuevos,135
programacion,136
rust,136
tupla,136
tutorial,136
vector,136
borrow,137
ownership,137
prestamo,137
programacion,137
rust,137
tutorial,137
closures,138
genericidad,138
lambda,138
programacion,138
rust,138
tutorial,138
match,139
option,139
pattern-matching,139
programacion,139
result,139
rust,139
tutorial,139
programacion,140
programacion-orientada-a-objetos,140
rust,140
struct,140
trait,140
tutorial,140
crash,141
errores,141
option,141
programacion,141
result,141
rust,141
tutorial,141
hilo,142
mutex,142
parallel,142
programacion,142
rust,142
thread,142
tutorial,142
cargo,143
crate,143
modulo,143
programacion,143
rust,143
tutorial,143
cargo,144
programacion,144
rust,144
test,144
tutorial,144
cargo,145
documentacion,145
markdown,145
programacion,145
rust,145
tutorial,145
box,146
programacion,146
rc,146
refcell,146
rust,146
tutorial,146
elm,147
formulario,147
javascript,147
programacion,147
tutorial,147
republica,148
cron,149
linux,149
programacion,149
systemd,149
timer,149
web,226
semantica,226
programacion,226
rdf,226
schema,226
ontologia,226
automatas,151
celulares,151
complejidad,151
feynman,151
matematicas,151
programacion,151
algoritmia,209
algoritmos,209
algoritmos-geneticos,209
teoria-de-juegos,151
tutorial,151
wolfram,151
cluster,152
mastin-de-jade,152
peliculas,152
raspberry-pi,152
republica,152
vodafone,152
input,153
programacion,153
rust,153
bezier,209
teclado,153
tutorial,153
cumpleanos,154
personal,154
reflexion,154
republica,154
boton,155
gtk,155
gui,155
linux,155
programacion,155
rust,155
gtk,209
tutorial,155
ventana,155
medicina,156
mojica,156
nobel,156
republica,156
cheatsheet,157
estructuras-de-datos,157
infografia,157
programacion,157
rust,157
linux,209
c,158
malloc,158
programacion,158
punteros,158
rust,158
programacion,209
tutorial,158
net,159
net-core,159
avalonia,159
c,159
rust,209
gtk,159
gui,159
programacion,159
xaml,159
cine,160
republica,160
seminci,160
valladolid,160
big-data,161
data-science,161
estadistica,161
matplotlib,161
numpy,161
pandas,161
programacion,161
tutorial,209
scipy,161
tutorial,161
big-data,162
data-science,162
estadistica,162
pandas,162
programacion,162
scipy,162
tutorial,162
big-data,163
data-science,163
estadistica,163
numpy,163
pandas,163
programacion,163
sql,163
tutorial,163
analisis,164
analiticas,164
blog,164
meta,164
republica,164
covarianza,165
estadistica,165
fisica,165
ley-de-ohm,165
numpy,165
pandas,165
pearson,165
programacion,165
regresion-lineal,165
scipy,165
tutorial,165
cine,166
jurado,166
republica,166
seminci,166
valladolid,166
abba,167
easter-egg,167
linux,167
man,167
programacion,167
bayes,168
estadistica,168
probabilidad,168
programacion,168
curve,169
emv,169
n26,169
nfc,169
republica,169
revolut,169
tarjetas,169
big-data,170
estadistica,170
normal,170
poisson,170
probabilidad,170
programacion,170
scipy,170
tutorial,170
2017,171
analisis,171
analytics,171
estadistica,171
republica,171
trafico-web,171
web,171
2017,172
2018,172
feliz-ano,172
fractal,172
koch,172
linux,172
navidad,172
programacion,172
python,172
rust,172
turtle,172
tutorial,172
ariane-5,173
arte-moderno,173
efecto-2000,173
javascript,173
linux,173
lisp,173
programacion,173
reina-sofia,173
santos-inocentes,173
wannacry,173
windows,173
json,174
linux,174
programacion,174
rust,174
serde,174
tutorial,174
elm,175
emscripten,175
linux,175
programacion,175
rust,175
tutorial,175
web,175
web-framework,175
webassembly,175
yew,175
ciberseguridad,176
linux,176
meltdown,176
programacion,176
spectre,176
vulnerabilidad,176
net,177
net-core,177
algoritmia,177
automatas,177
avalonia,177
c,177
conway,177
juego-de-la-vida,177
programacion,177
programacion-de-videojuegos,177
quadtree,177
videojuego,177
big-data,178
chi-cuadrado,178
data-science,178
estadistica,178
kolmogorov,178
programacion,178
advent-of-code,207
algoritmia,207
algoritmos,207
scipy,178
tutorial,178
big-data,179
cheatsheet,179
estadistica,179
pandas,179
programacion,179
python,179
programacion,207
haiku,180
machine-learning,180
markov,180
programacion,180
python,207
programacion,216
sparql,216
tutorial,180
net,181
c,181
api,216
godot,181
mono,181
programacion,181
programacion-de-videojuegos,181
videojuegos,181
disco-duro,182
recuperar,182
recuva,182
republica,182
c,183
haskell,183
javascript,183
blog,216
linux,183
programacion,183
programacion-orientada-a-objetos,183
prolog,183
python,183
racket,183
rust,183
python,184
republica,184
valladolid,184
asincrono,185
futures,185
futuros,185
linux,185
programacion,185
rust,185
tcp,185
tokio,185
tutorial,185
algoritmos,186
knapsack,186
programacion,186
python,186
recursividad,186
espana,187
filosofia,187
inca,187
mentalidad,187
prioridades,187
relativismo,187
religion-y-filosofia,187
bubblesort,188
funcional,188
haskell,188
monada,188
programacion,188
st,188
linux,189
logica,189
predicados,189
programacion,189
programacion-logica,189
prolog,189
tutorial,189
unificacion,189
inteligencia-artificial,190
machine-learning,190
nlu,190
programacion,190
snips,190
tutorial,190
devops,191
fabric,191
programacion,191
python,191
server,191
ssh,191
sysadmin,191
tutorial,191
boinc,192
lhc,192
programacion,192
seti,192
sistemas-distribuidos,192
superordenador,192
bindgen,193
cpp,193
programacion,227
tutorial,227
web semantica,227
web,227
rdf,227
sparql,227
cargo,193
3dsecure,150
linux,193
programacion,193
cirrus,150
rust,193
credito,150
sqlite,193
tutorial,193
fat,194
linux,194
debito,150
programacion,194
sistemas-de-archivos,194
sistemas-operativos,194
ext4,195
inodo,195
linux,195
emv,150
programacion,195
sistemas-de-archivos,195
sistemas-operativos,195
ufs,195
barroco,196
c,196
linux,196
perl,196
maestro,150
mastercard,150
monedero,150
nfc,150
reflexion,196
api,197
ava,197
javascript,197
prepago,150
node-js,197
nodejs,197
programacion,197
programacion,150
supertest,197
test,197
tutorial,197
computacion-cuantica,198
fisica,198
ibm-q,198
introduccion,198
ordenadores-cuanticos,198
programacion,198
rfid,150
q,198
tutorial,198
ipfs,199
linux,199
p2p,199
programacion,199
tarjetas,150
torrent,199
tutorial,199
web,199
dns,200
hugo,200
ipfs,200
javascript,200
jekyll,200
linux,200
programacion,200
unionpay,150
systemd,200
tutorial,200
web,200
advent-of-code,205
algoritmia,205
algoritmos,205
programacion,205
python,205
visa,150
conferencia,206
fsf,206
gpl,206
linux,206
programacion,206
stallman,206
d3,208
estadistica,208
graficas,208
php,208
programacion,208
republica,210
trafico-web,210
webs,210
rust,220
programacion,220
memoria,220
miri,220
maquina virtual,220
interprete,220
test,220
programacion,224
tutorial,224
minikanren,224
python,224
prolog,224
programacion,229
tutorial,229
kaggle,229
machine learning,229
big data,229
inteligencia artificial,229
ia,229
cronica neuronal,229
programacion,230
tutorial,230
kaggle,230
machine learning,230
big data,230
inteligencia artificial,230
ia,230
cronica neuronal,230
nginx,231
webdav,231
s3,231
programacion,231
tutorial,231
ordenadores,232
gaming,232
videojuegos,232
programacion,234
tutorial,234
linux,234
jq,234
sed,234
awk,234
json,234
programacion,235
rust,235
c,235
correo,235
programacion,236
linux,236
docker,236
devops,236
podcast,236
audio,236
programacion,233
tutorial,233
terraform,233
declarativa,233
programacion,237
filosofia,237
reflexion,237
programacion,238
cronica,238
neuronal,238
inteligencia artificial,238
 leucemia,238
 genetica,238
biologia,238
bioinformatica,238
programacion,239
ipfs,239
dat,239
zeronet,239
linuxytapas,239
leon,239
ponencia,239
presentacion,239
historia,240
filosofia,240
programacion,240
privacidad,240
blog,241
estadistica,241
zipf,241
ley,241
programacion,242
tutorial,242
python,242
yield,242
generadores,242
estadistica,245
blog,245
felicitacion,245
programacion,243
tutorial,243
rust,243
orm,243
sql,243
programacion,246
teletexto,246
postgres,246
alpine,246
django,246
sklearn,246
prolog,246
haskell,246
programacion,244
tutorial,244
prolog,244
dcg,244
gramaticas,244
lenguages,244
compilador,244
logica,244
programacion,247
teletexto,247
dgraph,247
sql,247
sms,247
git,247
bazaar,247
breezy,247
rust,247
devops,247
falacias,247
filosofia,247
programacion,248
linux,248
tutorial,248
debian,248
nix,248
nixos,248
python,248
visualizacion,218
programacion,218
mapa,218
castilla,218
premio,218
concurso,218
datos abiertos,218
open data,218
programacion,249
linux,249
tutorial,249
nix,249
programacion,250
linux,250
tutorial,250
docker,250
lektor,250
web,250
netlify,250
github,250
programacion,251
teletexto,251
mapas,251
web,251
trident,251
css,251
gnome,251
spotify,251
pandas,251
ruby,251
programacion,252
linux,252
tutorial,252
behave,252
python,252
bdd,252
testing,252
programacion,219
programacion lineal,219
matematicas,219
optimizacion,219
tutorial,219
prolog,219
programacion,253
teletexto,253
darcs,253
kaggle,253
ciberseguridad,253
ai,253
javascript,253
programacion,255
linux,255
tutorial,255
rust,255
cli,255
nushell,255
exa,255
programacion,256
estadistica,256
python,256
programacion,257
teletexto,257
pijul,257
python,257
javascript,257
prolog,257
ogg,257
spark,257
machine-learning,257
programacion,258
linux,258
prolog,258
sudoku,258
programacion,259
linux,259
prolog,259
debug,259
programacion,260
ensayo,260
motivacion,260
filosofia,260
programacion,261
teletexto,261
kubernetes,261
rust,261
python,261
javascript,261
postgresql,261
cobol,261
programacion,263
linux,263
python,263
aws,263
lambda,263
terraform,263
programacion,262
linux,262
prolog,262
swi-prolog,262
"",262
personal,264
telefonica,264
trabajo,264
programacion,265
linux,265
regex,265
python,265
rust,265
programacion,266
teletexto,266
unix,266
css,266
soft skills,266
idris,266
oxigraph,266
questdb,266
programacion,267
prolog,267
tutorial,267
programacion,254
tutorial,254
simplex,254
rust,254
investigacion operativa,254
programacion,304
tutorial,304
idris,304
haskell,304
linux,304
mapaquiz,305
programacion,305
python,305
django,305
mapas,305
programacion,306
teletexto,306
vega,306
sql,306
quel,306
posix,306
rust,306
mozilla,306
map,306
programacion,307
tutorial,307
chr,307
prolog,307
linux,307
space-pipes,308
programacion,308
prolog,308
typescript,308
android,308
inocentada,309
broma,309
estadistica,310
blog,310
felicitacion,310
programacion,311
tutorial,311
python,311
linux,311
easter egg,311
programacion,312
tutorial,312
rust,312
typescript,312
sum types,312
programacion,313
tutorial,313
rust,313
linux,313
ron,313
serde,313
programacion,314
teletexto,314
python,314
rust,314
debian,314
sistemas operativos,314
ecs,314
godot,314
prolog,314
ensamblador,314
programacion,315
tutorial,315
python,315
elasticsearch,315
facebook,315
leak,315
kibana,315
logstash,315
programacion,316
tutorial,316
rust,316
prolog,316
raylib,316
programacion,317
teletexto,317
java,317
europa,317
avion,317
ovni,317
gis,317
mapas,317
programacion,318
tutorial,318
linux,318
prolog,318
soccerdoku,318
clpz,318
programacion,320
tutorial,320
aprendizaje refuerzo,320
machine learning,320
matematicas,320
markov,320
programacion,321
tutorial,321
inteligencia artificial,321
q learning,321
python,321
mdp,321
reinforcement learning,321
programacion,319
tutorial,319
aprendizaje refuerzo,319
machine learning,319
matematicas,319
programacion,322
tutorial,322
aprendizaje refuerzo,322
dqn,322
openai gym,322
stable baselines,322
programacion,323
teletexto,323
java,323
python,323
minikanren,323
javascript,323
gamedev,323
testing,323
programacion,324
concurso,324
kotlin,324
premio,324
memoria,324
datos abiertos,324
mapas,324
programacion,325
big data,325
spark,325
d3,325
sql,325
programacion,326
hello world,326
opinion,326
prolog,326
haskell,326
rust,326
javascript,326
programacion,327
tutorial,327
html,327
htmx,327
javascript,327
web,327
programacion,328
tutorial,328
z3,328
python,328
prolog,328
sudoku,328
concurso,329
felicitacion,329
programacion,330
tutorial,330
prolog,330
problema,330
puzzle,330
dcg,330
programacion,331
tutorial,331
logtalk,331
prolog,331
programacion,332
tutorial,332
prolog,332
morse,332
dcg,332
scryer,332
programacion,333
teletexto,333
apl,333
matrix,333
gamedev,333
kotlin,333
concurrencia,333
z3,333
gradle,333
clojure,333
prolog,333
programacion,334
tutorial,334
prolog,334
mercury,334
programacion,336
tutorial,336
prolog,336
puzzle,336
clpz,336
automatas,336
programacion,337
tutorial,337
clojure,337
calculadora,337
rpn,337
lisp,337
java,337
jvm,337
programacion,338
tutorial,338
prolog,338
scuba,338
programacion,339
tutorial,339
ensamblador,339
risc,339
riscv,339
programacion,340
tutorial,340
clips,340
prolog,340
logica,340
lisp,340
programacion,341
tutorial,341
clpz,341
prolog,341
acertijo,341
puzzle,341
programacion,342
tutorial,342
prolog,342
wc,342
unix,342
dcg,342
programacion,343
tutorial,343
prolog,343
clpz,343
mudanza,343
programacion,335
tutorial,335
prolog,335
puzzle,335
heuristica,335
programacion,344
tutorial,344
prolog,344
unificacion,344
rust,344
programacion,345
tutorial,345
prolog,345
backtracking,345
programacion,346
tutorial,346
prolog,346
repl,346
zebra,346
programacion,347
tutorial,347
prolog,347
strand,347
paralelismo,347
concurrencia,347
fleng,347
programacion,348
tutorial,348
linux,348
nixos,348
nix,348
raspberry,348
arm,348
nginx,348
docker,348
programacion,349
tutorial,349
bqn,349
apl,349
array,349
filosofia,350
programacion,350
python,350
ia,350
openai,350
charla,350
ernesto castro,350
programacion,351
tutorial,351
linux,351
just,351
make,351
programacion,352
tutorial,352
linux,352
syncthing,352
photos,352
borg,352
moviles,353
protector pantalla,353
accesorios,353
tecnologia,354
ensayo,354
historia,354
tecnologia,355
ensayo,355
historia,355
prolog,357
scryer,357
meetup,357
notes,357
prolog,356
scryer,356
meetup,356
notes,356
programacion,358
tutorial,358
spark,358
scala,358
java,358
big data,358
sql,358
programacion,359
tutorial,359
strand,359
prolog,359
paralelismo,359
video,359
videojuegos,360
recapitulacion,360
critica,360
programacion,361
tutorial,361
rust,361
bevy,361
gpu,361
shaders,361
wgsl,361
programacion,362
tutorial,362
prolog,362
fractal,362
svg,362
dcgs,362
programacion,363
tutorial,363
pascal,363
wirth,363
blogs,364
ensayo,364
chatgpt,364
programacion,365
tutorial,365
linux,365
debian,365
mips,365
risc-v,365
qemu,365
programacion,366
charlas,366
prolog,366
spark,366
kotlin,366
strand,366
wikipedia,366
openstreetmap,366
